x1,x2,x3,x4,x5,x6,x7,x8
7.3,106302.0,25.641,3.5328753680078373,2.9,,,
7.2,106555.0,27.271,3.515625,3.1,,,
7.2,106989.0,28.238,3.70370370370372,3.0,1956.06175,1955.171032085424,4.12
7.3,106936.0,28.805,3.6857419980601547,3.3,,,
7.2,106932.0,27.623,3.771760154738879,3.2,,,
7.4,106505.0,27.143,3.760848601735778,3.4,1973.284,1971.7911377369267,4.35
7.4,106807.0,27.329,3.5542747358309423,2.8,,,
7.1,107095.0,27.755,3.349282296650724,2.8,,,
7.1,107657.0,28.289,3.142857142857136,2.9,2003.4185,1986.762545044572,4.25
7.1,107847.0,29.538,3.228869895536568,3.3,,,
7.0,108007.0,30.813,3.5137701804368593,3.1,,,
7.0,108216.0,27.228,3.7986704653371284,3.5,2018.30975,2018.1682763889846,3.85
6.7,108887.0,22.945,3.8862559241706007,2.9,,,
7.2,108480.0,15.442,3.113207547169816,2.8,,,
7.2,108837.0,12.618,2.2556390977443552,2.3,2037.15075,2032.3821039143675,3.59
7.1,108952.0,12.847,1.5902712815715425,2.4,,,
7.2,109089.0,15.444,1.491146318732528,2.7,,,
7.2,109576.0,13.469,1.7657992565055736,2.9,2046.32575,2055.7395623149027,3.41
7.0,109810.0,11.575,1.5769944341373021,2.8,,,
6.9,110015.0,15.092,1.5740740740740833,3.0,,,
7.0,110085.0,14.913,1.7543859649122862,2.9,2065.90975,2061.3148663938036,3.5
7.0,110273.0,14.852,1.4719411223550916,3.2,,,
6.9,110475.0,15.207,1.2844036697247763,2.8,,,
6.6,110728.0,16.076,1.097895699908502,3.0,2077.00525,2080.8730076327524,3.62
6.6,110953.0,18.656,1.4598540145985384,2.9,,,
6.6,111257.0,17.726,2.1043000914912957,3.1,,,
6.6,111408.0,18.305,3.0330882352941124,3.0,2092.4825,2092.206195793612,3.9
6.3,111794.0,18.643,3.7753222836095945,3.0,,,
6.3,112434.0,19.415,3.8567493112947604,3.4,,,
6.2,112246.0,20.034,3.65296803652968,3.3,2115.05825,2107.2341478715052,4.36
6.1,112634.0,21.355,3.926940639269394,3.1,,,
6.0,113057.0,20.274,4.284412032816776,3.2,,,
5.9,112909.0,19.526,4.355716878402904,3.0,2133.40875,2130.020085064407,4.5
6.0,113282.0,19.848,4.533091568449676,3.3,,,
5.8,113505.0,18.92,4.528985507246386,3.2,,,
5.7,113793.0,17.241,4.4343891402715,3.1,2170.0405,2145.0434340659513,4.37
5.7,114016.0,17.16,4.046762589928066,3.2,,,
5.7,114227.0,16.765,3.942652329749108,3.1,,,
5.7,114037.0,16.217,3.9250669045495234,3.2,2181.2515,2181.656528485137,4.2
5.4,114650.0,17.875,3.9041703637976877,3.3,,,
5.6,114292.0,17.438,3.89036251105217,3.3,,,
5.4,114927.0,16.53,3.96475770925111,3.7,2209.91025,2195.7004374287603,4.57
5.4,115060.0,15.498,4.130052724077338,4.6,,,
5.6,115282.0,15.524,4.020979020979021,4.4,,,
5.4,115356.0,14.467,4.17391304347825,3.9,2222.85875,2224.3008010077965,4.98
5.4,115638.0,13.798,4.249783174327848,3.9,,,
5.3,116100.0,13.977,4.246100519930662,3.7,,,
5.3,116104.0,16.266,4.419410745233954,3.9,2252.47825,2236.8567425783,4.9
5.4,116708.0,17.983,4.667242869490051,3.5,,,
5.2,116776.0,17.826,4.827586206896539,4.1,,,
5.0,117022.0,19.445,4.978540772532192,3.7,2275.377,2261.5995525683265,4.85
5.2,117097.0,21.04,5.123825789923142,4.3,,,
5.2,117099.0,20.032,5.361702127659562,4.6,,,
5.3,117418.0,20.005,5.1694915254237195,3.8,2292.74425,2284.050781075507,4.91
5.2,117472.0,19.644,4.978902953586495,4.1,,,
5.2,117655.0,18.522,4.705882352941182,3.5,,,
5.3,117354.0,19.594,4.340567612687818,3.4,2309.73075,2304.8150558826133,4.65
5.3,117581.0,20.091,4.492512479201327,3.6,,,
5.4,117912.0,19.82,4.655029093931851,3.5,,,
5.4,117830.0,21.088,4.647302904564321,3.5,2314.282,2321.3074248325693,4.23
5.4,119081.0,22.641,5.202312138728327,4.1,,,
5.3,119059.0,22.108,5.263157894736836,4.1,,,
5.2,119203.0,20.418,5.233033524121011,3.7,2339.57225,2327.646446792642,4.35
5.4,118852.0,18.582,4.711616571892785,3.6,,,
5.4,119151.0,18.237,4.3618739903069415,3.4,,,
5.2,118983.0,16.871,4.673650282030639,3.8,2348.06275,2354.149668260939,4.2
5.5,118810.0,18.638,4.8231511254019255,3.4,,,
5.7,118802.0,27.174,5.617977528089879,4.6,,,
5.9,118524.0,33.687,6.159999999999988,4.7,2349.62475,2355.0885028169105,4.45
5.9,118536.0,35.922,6.289808917197459,4.8,,,
6.2,118306.0,32.3,6.27482128673551,4.7,,,
6.3,118241.0,27.337,6.10626486915149,4.7,2328.23425,2354.018510897063,4.51
6.4,117940.0,24.959,5.651491365777073,3.9,,,
6.6,117755.0,20.523,5.312500000000009,3.4,,,
6.8,117652.0,19.86,4.895104895104896,3.3,2317.34175,2339.850505856635,3.66
6.7,118109.0,20.823,4.8875096974398735,3.2,,,
6.9,117440.0,21.24,4.953560371517041,3.1,,,
6.9,117639.0,20.195,4.695919938414161,3.3,2335.4105,2333.0109761714552,3.84
6.8,117568.0,21.42,4.447852760736182,3.1,,,
6.9,117484.0,21.688,3.7993920972644313,3.2,,,
6.9,117928.0,21.857,3.3911077618688834,3.0,2347.21125,2351.8455251104538,3.77
7.0,117800.0,23.228,2.921348314606753,3.2,,,
7.0,117770.0,22.465,2.9895366218236186,2.9,,,
7.3,117466.0,19.517,3.064275037369213,2.7,2355.39125,2363.728224362889,3.55
7.3,117978.0,18.82,2.600297176820199,2.7,,,
7.4,117753.0,18.995,2.8189910979228294,2.6,,,
7.4,118144.0,18.916,3.185185185185202,2.6,2383.5865,2372.098929249375,3.4
7.4,118426.0,20.243,3.1804733727810675,3.0,,,
7.6,118375.0,20.94,3.0235988200590036,2.9,,,
7.8,118419.0,22.375,3.088235294117636,3.1,2409.433,2402.386915307064,3.52
7.7,118713.0,21.759,3.1571218795888534,2.7,,,
7.6,118826.0,21.35,3.1478770131771583,2.8,,,
7.6,118720.0,21.902,2.988338192419837,3.0,2433.24475,2425.620496916482,3.33
7.3,118628.0,21.688,3.2023289665211063,2.8,,,
7.4,118876.0,20.342,3.0478955007256836,2.9,,,
7.4,118997.0,19.407,2.9006526468455363,2.8,2458.6275,2451.2497347118733,3.25
7.3,119075.0,19.075,3.258508327299059,2.9,,,
7.1,119275.0,20.053,3.2467532467532534,3.2,,,
7.0,119542.0,20.347,3.086862885857844,3.1,2462.74325,2477.85048538048,3.21
7.1,119474.0,20.27,3.2258064516129004,3.0,,,
7.1,120115.0,19.94,3.2211882605583497,2.9,,,
7.0,120290.0,19.07,2.9957203994293913,3.5,2477.08675,2481.721181351924,3.37
6.9,120467.0,17.866,2.77580071174377,3.0,,,
6.8,120856.0,18.009,2.767920511000721,3.2,,,
6.7,120554.0,17.514,2.689313517338987,3.0,2488.91025,2495.3240435800008,3.3
6.8,120823.0,18.145,2.7503526093088704,3.3,,,
6.6,121169.0,16.699,2.6760563380281877,2.8,,,
6.5,121464.0,14.51,2.748414376321362,3.0,2522.76225,2506.1768043159495,3.03
6.6,121966.0,15.0,2.524544179523147,2.8,,,
6.6,122086.0,14.78,2.515723270440251,2.8,,,
6.5,121930.0,14.66,2.506963788300842,3.0,2547.2385,2540.704524245963,3.2
6.4,122290.0,16.38,2.361111111111125,3.0,,,
6.1,122864.0,17.88,2.288488210818307,3.1,,,
6.1,122634.0,19.07,2.4930747922437657,2.7,2581.75475,2564.368003705778,3.28
6.1,122706.0,19.65,2.7700831024930705,2.9,,,
6.0,123342.0,18.38,2.900552486187835,3.1,,,
5.9,123687.0,17.46,2.963473466574773,3.4,2596.8455,2597.729279936948,3.33
5.8,124112.0,17.71,2.6080988332189525,3.0,,,
5.6,124516.0,18.1,2.674897119341546,3.2,,,
5.5,124721.0,17.16,2.674897119341546,3.0,2626.593,2613.2216374925188,3.43
5.6,124663.0,17.99,2.8043775649794878,3.0,,,
5.4,124928.0,18.53,2.862985685071595,3.0,,,
5.4,124955.0,18.55,2.853260869565233,3.2,2635.911,2642.51619769022,3.41
5.8,124945.0,19.87,3.0529172320217013,3.3,,,
5.6,124421.0,19.74,3.186440677966096,3.0,,,
5.6,124522.0,18.42,3.0405405405405483,2.9,2643.775,2652.599164852832,3.53
5.7,124816.0,17.3,2.7628032345013542,2.9,,,
5.7,124852.0,18.03,2.6174496644295386,2.9,,,
5.6,125133.0,18.23,2.5435073627844584,2.8,2666.265,2661.5873809230834,3.28
5.5,125388.0,17.44,2.809364548494986,2.9,,,
5.6,125188.0,17.99,2.605210420841697,2.8,,,
5.6,125088.0,19.04,2.5384101536406245,2.7,2684.3695,2682.9123789047553,2.95
5.6,125125.0,18.88,2.727877578176985,2.8,,,
5.5,125639.0,19.07,2.6507620941020438,2.8,,,
5.5,125862.0,21.36,2.840158520475544,2.9,2704.474,2700.3913620858684,2.78
5.6,125994.0,23.57,2.896642527978943,3.0,,,
5.6,126244.0,21.25,2.890932982917227,3.1,,,
5.3,126602.0,20.45,2.7540983606557212,2.9,2749.5805,2718.283446106179,2.87
5.5,126947.0,21.32,2.9508196721311553,3.0,,,
5.1,127172.0,21.96,2.877697841726623,3.1,,,
5.2,127536.0,23.99,3.0026109660574507,3.2,2774.244,2763.5685794483543,3.0
5.2,127890.0,24.9,2.9928432010410067,3.0,,,
5.4,127771.0,23.71,3.255208333333326,3.0,,,
5.4,127860.0,25.39,3.322475570032579,3.0,2803.05125,2789.5020824997323,3.03
5.3,128298.0,25.17,3.0440414507771907,3.0,,,
5.2,128298.0,22.21,3.034215622982561,3.0,,,
5.2,128891.0,20.99,2.7617212588310958,2.8,2821.14675,2818.5904421906675,3.06
5.1,129143.0,19.72,2.4952015355086177,3.0,,,
4.9,129464.0,20.83,2.2349936143039484,2.9,,,
5.0,129412.0,19.17,2.2973835354180183,2.8,2868.03425,2836.680216069804,3.0
4.9,129822.0,19.63,2.2292993630573354,2.7,,,
4.8,130010.0,19.93,2.2250476795931284,2.7,,,
4.9,130019.0,19.79,2.154626108998725,2.8,2903.909,2885.51056511019,2.85
4.7,130179.0,21.26,2.0846493998736504,2.8,,,
4.6,130653.0,20.17,1.828499369482972,2.9,,,
4.7,130679.0,18.32,1.7023959646910614,2.8,2928.84825,2920.933022831046,2.6
4.6,130726.0,16.71,1.5713387806411072,2.3,,,
4.6,130807.0,16.06,1.441102756892243,2.4,,,
4.7,130814.0,15.02,1.374999999999993,2.5,2958.1215,2945.3038457904454,2.26
4.3,131209.0,15.44,1.4357053682896526,2.4,,,
4.4,131325.0,14.86,1.6864459712679691,2.6,,,
4.5,131244.0,13.66,1.6843418590143378,2.7,2985.508,2974.7239157771087,2.45
4.5,131329.0,14.08,1.6822429906542036,2.6,,,
4.5,131390.0,13.36,1.6169154228855787,2.4,,,
4.6,131986.0,14.95,1.488833746898277,2.3,3022.9035,3003.9795490822835,2.48
4.5,131999.0,14.39,1.4851485148514865,2.5,,,
4.4,132280.0,12.85,1.5479876160990669,2.3,,,
4.4,132602.0,11.28,1.6119032858028515,2.5,3071.75,3037.054118468406,2.31
4.3,133027.0,12.47,1.6707920792079278,2.7,,,
4.4,132856.0,12.01,1.6059295861643008,2.5,,,
4.2,132947.0,14.66,1.7262638717632672,2.7,3100.82325,3089.7958540007285,2.17
4.3,132955.0,17.34,2.2769230769230653,2.7,,,
4.2,133311.0,17.75,2.088452088452075,2.8,,,
4.3,133378.0,17.89,1.9631901840490684,2.5,3124.6735,3120.7828898434254,2.2
4.3,133414.0,20.07,2.1446078431372584,2.7,,,
4.2,133591.0,21.26,2.2643818849449104,2.8,,,
4.2,133707.0,23.88,2.6283618581907087,2.7,3165.59625,3144.591619162066,2.38
4.1,133993.0,22.64,2.5609756097561,2.9,,,
4.1,134309.0,24.97,2.6219512195122086,2.9,,,
4.0,134523.0,26.08,2.684563758389258,3.0,3219.39825,3188.6440575733463,2.53
4.0,136559.0,27.18,2.738892270237381,3.0,,,
4.1,136598.0,29.35,3.221884498480243,2.9,,,
4.0,136701.0,29.89,3.7575757575757596,3.2,3231.04475,3243.805030244832,2.46
3.8,137270.0,25.74,3.0685920577617543,3.2,,,
4.0,136630.0,28.78,3.1889290012033777,3.0,,,
4.0,136940.0,31.83,3.73044524669075,2.9,3290.2105,3254.972883033485,2.61
4.0,136531.0,29.77,3.659268146370742,3.0,,,
4.1,136662.0,31.22,3.4111310592459754,2.7,,,
3.9,136893.0,33.88,3.4544371649791517,2.9,3294.60475,3315.1128217375563,2.71
3.9,137088.0,33.08,3.4482758620689724,3.2,,,
3.9,137322.0,34.4,3.446226975638722,2.9,,,
3.9,137614.0,28.46,3.3868092691621943,2.8,3315.1265,3321.45574143736,2.68
4.2,137778.0,29.58,3.7322274881516515,3.0,,,
4.2,137612.0,29.61,3.5335689045936425,2.8,,,
4.3,137783.0,27.24,2.9205607476635587,2.8,3305.6725,3341.7057424436234,2.49
4.4,137299.0,27.41,3.2691185055458316,3.1,,,
4.3,137092.0,28.64,3.6151603498542295,3.2,,,
4.5,136873.0,27.6,3.248259860788849,3.0,3324.996,3328.8911962149027,2.51
4.6,137071.0,26.45,2.719907407407396,2.6,,,
4.9,136241.0,27.47,2.719907407407396,2.7,,,
5.0,136846.0,25.88,2.648244099021313,2.8,3311.196,3350.720763511776,2.6
5.3,136392.0,22.21,2.126436781609198,1.0,,,
5.5,136238.0,19.67,1.895462377943713,0.4,,,
5.7,136047.0,19.33,1.551724137931032,1.8,3320.21475,3332.053002703056,2.15
5.7,135701.0,19.67,1.142204454597362,1.9,,,
5.7,136438.0,20.74,1.1376564277588264,2.1,,,
5.7,136177.0,24.42,1.4755959137344066,2.7,3349.2505,3347.4592026988453,2.2
5.9,136126.0,26.27,1.6393442622950838,2.8,,,
5.8,136539.0,27.02,1.1817670230725996,2.7,,,
5.8,136415.0,25.52,1.0674157303370846,2.7,3369.538,3378.053854521825,2.35
5.8,136413.0,26.94,1.4647887323943731,2.6,,,
5.7,136705.0,28.38,1.8028169014084439,2.6,,,
5.7,137302.0,29.67,1.5143017386427315,2.5,3384.518,3396.4505744336843,2.29
5.7,137008.0,28.85,2.025886325267323,2.5,,,
5.9,136521.0,26.27,2.19842164599775,2.4,,,
6.0,136426.0,29.42,2.376910016977929,2.5,3389.758,3412.140640215288,2.19
5.8,137417.0,32.94,2.5974025974025983,2.5,,,
5.9,137482.0,35.87,2.9808773903261976,2.7,,,
5.9,137434.0,33.55,3.0201342281878985,3.1,3408.56325,3418.4633371910063,2.13
6.0,137633.0,28.25,2.2246941045606317,2.4,,,
6.1,137544.0,28.14,2.057842046718572,2.0,,,
6.3,137790.0,30.72,2.1122846025569686,2.1,3437.88575,3438.7069079219,2.09
6.2,137474.0,30.76,2.1099389228206533,1.7,,,
6.1,137549.0,31.59,2.158273381294973,2.5,,,
6.1,137609.0,28.29,2.3204419889502725,2.8,3496.26825,3470.459589211731,1.82
6.0,137984.0,30.33,2.0408163265306145,2.6,,,
5.8,138424.0,31.09,1.7650303364588948,2.7,,,
5.7,138411.0,32.15,1.8794914317302513,2.6,3536.41125,3529.6356424798037,2.13
5.7,138472.0,34.27,1.9262520638414937,2.7,,,
5.6,138542.0,34.74,1.6930638995084513,2.6,,,
5.8,138453.0,36.76,1.7372421281216077,2.9,3555.28675,3571.6642743727875,1.63
5.6,138680.0,36.69,2.285092491838947,3.2,,,
5.6,138852.0,40.28,3.051771117166213,3.3,,,
5.6,139174.0,38.02,3.2661948829613596,3.3,3582.38075,3590.59503620994,2.13
5.5,139556.0,40.69,2.9907558455682492,3.0,,,
5.4,139573.0,44.94,2.654387865655483,2.8,,,
5.4,139487.0,45.95,2.5377969762419017,2.8,3616.246,3615.539508203795,2.3
5.5,139732.0,53.13,3.189189189189201,3.1,,,
5.4,140231.0,48.46,3.5230352303523116,2.8,,,
5.4,140125.0,43.33,3.255561584373301,3.0,3652.469,3646.9840809150305,2.26
5.3,140245.0,46.84,2.969762419006483,2.9,,,
5.4,140385.0,47.97,3.0075187969925032,2.9,,,2.25
5.2,140654.0,54.31,3.1483457844183604,3.2,3692.9005,,
5.2,141254.0,53.04,3.5106382978723483,3.3,,,
5.1,141609.0,49.83,2.8027498677948293,3.2,,,2.38
5.0,141714.0,56.26,2.530311017395892,3.2,3709.9455,,
5.0,142026.0,58.7,3.167898627243937,3.0,,,
4.9,142434.0,64.97,3.641160949868083,3.1,,,2.44
5.0,142401.0,65.57,4.686677198525535,4.3,3743.0135,,
5.0,142548.0,62.37,4.347826086956519,4.6,,,
5.0,142499.0,58.3,3.4554973821989465,3.3,,,2.39
4.9,142752.0,59.43,3.4156594850236477,3.1,3766.64925,,
4.7,143150.0,65.51,3.9853172522286373,3.0,,,
4.8,143457.0,61.63,3.59749739311781,3.0,,,2.43
4.7,143741.0,62.9,3.3626487325400856,3.0,3816.7565,,
4.7,143761.0,69.69,3.5457348406988665,3.3,,,
4.6,144089.0,70.94,4.166666666666674,4.0,,,2.39
4.6,144353.0,70.96,4.318766066838053,3.3,3825.67625,,
4.7,144202.0,74.41,4.145342886386905,3.2,,,
4.7,144625.0,73.05,3.8187372708757605,3.8,,,2.63
4.5,144815.0,63.87,2.062374245472842,3.1,3831.592,,
4.4,145314.0,58.88,1.3052208835341528,3.1,,,
4.5,145534.0,59.37,1.9736842105263275,3.0,,,2.62
4.4,145970.0,62.03,2.5406504065040636,2.9,3864.232,,
4.6,146028.0,54.57,2.0756429652042385,3.0,,,
4.5,146057.0,59.26,2.415198792148976,3.0,,,2.46
4.4,146320.0,60.56,2.7787787787787677,3.0,3873.332,,
4.5,145586.0,63.97,2.5736972704714756,3.3,,,
4.4,145903.0,63.46,2.6908641975308623,3.3,,,2.43
4.6,146063.0,67.48,2.687037949728932,3.4,3895.52125,,
4.7,145905.0,74.18,2.3582309582309557,3.4,,,
4.6,145682.0,72.39,1.9700833742030355,3.2,,,2.23
4.7,146244.0,79.93,2.755051749630355,3.1,3916.6845,,
4.7,145946.0,86.2,3.5361744301288356,3.1,,,
4.7,146595.0,94.62,4.306203473945414,3.4,,,2.44
5.0,146273.0,91.73,4.081268582755193,3.4,3940.49175,,
5.0,146378.0,92.95,4.280294047901356,3.4,,,
4.9,146156.0,95.35,4.026555413048727,3.6,,,2.38
5.1,146086.0,105.56,3.981456231251701,4.3,3917.84575,,
5.0,146132.0,112.57,3.9368897748275122,4.8,,,
5.4,145908.0,125.39,4.17554304180352,5.2,,,2.67
5.6,145737.0,133.93,5.0217900476117405,5.1,3938.077,,
5.8,145532.0,133.44,5.6001229002539565,5.1,,,
6.1,145203.0,116.61,5.371855115262347,4.8,,,2.52
6.1,145076.0,103.9,4.936927430572191,4.3,3916.758,,
6.5,144802.0,76.65,3.655186277137501,3.9,,,
6.8,144100.0,57.44,1.0695746918073956,2.9,,,1.76
7.3,143369.0,41.02,0.09141290064560437,1.7,3832.00675,,
7.8,142152.0,41.74,0.02984650369528552,2.2,,,
8.3,141640.0,39.16,0.2361910880378737,1.9,,,1.56
8.7,140707.0,47.98,-0.3835562549173832,2.0,3788.985,,
9.0,140656.0,49.79,-0.7368857152167174,2.8,,,
9.4,140248.0,59.16,-1.2814357989586078,2.8,,,1.71
9.5,140009.0,69.68,-1.4267760436898702,3.1,3783.52925,,
9.5,139901.0,64.09,-2.097161353676058,2.9,,,
9.6,139492.0,71.06,-1.4843486119606064,2.8,,,1.8
9.8,138818.0,69.46,-1.2862059666427395,2.2,3797.3055,,
10.0,138432.0,75.82,-0.1828482774861251,2.9,,,
9.9,138659.0,78.08,1.8382958691302909,2.7,,,1.63
9.9,138013.0,74.3,2.721331126205828,2.5,3839.0145,,
9.8,138438.0,78.22,2.6257086429576137,2.8,,,
9.8,138581.0,76.42,2.143331778145363,2.7,,,1.79
9.9,138751.0,81.24,2.3139594469439473,2.7,3853.78625,,
9.9,139297.0,84.48,2.2364471956480836,2.9,,,
9.6,139241.0,73.84,2.0209860840939786,3.2,,,1.88
9.4,139141.0,75.35,1.053348972845658,2.8,3889.31925,,
9.4,139179.0,76.37,1.2351927783014638,2.7,,,
9.5,139438.0,76.82,1.1481045618392027,2.7,,,1.72
9.5,139396.0,75.31,1.143682658159273,2.2,3917.99175,,
9.4,139119.0,81.9,1.1721876055269531,2.7,,,
9.8,139044.0,84.14,1.1431609115702734,3.0,,,1.61
9.3,139301.0,89.04,1.4957235273143077,3.0,3937.65625,,
9.1,139250.0,89.42,1.631846857448771,3.4,,,
9.0,139394.0,89.58,2.1075846286581656,3.4,,,1.72
9.0,139639.0,102.94,2.6816032642408505,4.6,3928.1885,,
9.1,139586.0,110.04,3.1636308592764673,4.6,,,
9.0,139624.0,101.33,3.568645784634561,4.1,,,2.13
9.1,139384.0,96.29,3.558828252242341,3.8,3956.274,,
9.0,139524.0,97.19,3.6287159822210757,3.4,,,
9.0,139942.0,86.33,3.7712081791197782,3.5,,,2.01
9.0,140183.0,85.61,3.868356841040299,3.3,3955.175,,
8.8,140368.0,86.41,3.5251999213574026,3.2,,,
8.6,140826.0,97.21,3.3943775908008567,3.2,,,1.97
8.5,140902.0,98.57,2.9624188448710953,3.1,4001.02675,,
8.3,141584.0,100.24,2.9252167121508466,3.3,,,
8.3,141858.0,102.25,2.871098780438208,3.3,,,2.08
8.2,142036.0,106.19,2.651398193021781,3.9,4032.3545,,
8.2,141899.0,103.33,2.3027398112989372,3.2,,,
8.2,142206.0,94.7,1.704253774937592,3.0,,,2.18
8.2,142391.0,82.41,1.6639937622385137,3.1,4049.70175,,
8.2,142292.0,87.93,1.4084507042253502,3.0,,,
8.1,142291.0,94.16,1.692378997550148,3.6,,,2.11
7.8,143044.0,94.72,1.9912820806649911,3.3,4055.16675,,
7.8,143431.0,89.57,2.1623435988711304,3.1,,,
7.7,143333.0,86.66,1.764133846085847,3.1,,,2.19
7.9,143330.0,88.25,1.741022368747558,3.2,4059.7845,,
8.0,143292.0,94.69,1.5948646681225531,3.3,,,
7.7,143362.0,95.32,1.9779235097490577,3.3,,,2.1
7.5,143316.0,92.96,1.4738962125967703,3.2,4095.741,,
7.6,143635.0,92.07,1.063085381489448,3.1,,,
7.5,143882.0,94.8,1.3619650588516885,3.1,,,2.04
7.5,143999.0,95.8,1.7544165453768912,3.0,4100.795,,
7.3,144264.0,104.7,1.9606816118443948,3.1,,,
7.2,144326.0,106.56,1.518367559543199,3.0,,,1.86
7.2,144418.0,106.29,1.184925261552161,3.3,4132.92125,,
7.2,143537.0,100.54,0.9636127046434018,3.0,,,
6.9,144479.0,93.86,1.2370722045339066,2.9,,,1.98
6.7,144778.0,97.68,1.501735619618394,3.0,4165.91225,,
6.6,145150.0,94.62,1.5789473684210575,3.1,,,
6.7,145134.0,100.82,1.1263492501055294,3.2,,,1.89
6.7,145648.0,100.8,1.51220287576308,3.2,4154.135,,
6.2,145667.0,102.07,1.9528578985167577,3.2,,,
6.3,145825.0,102.18,2.1271115499366777,3.3,,,1.96
6.1,146247.0,105.79,2.0723413731670526,3.1,4210.36875,,
6.2,146399.0,103.59,1.9923286357643066,3.3,,,
6.1,146530.0,96.54,1.6996113341628316,3.2,,,2.1
5.9,146778.0,93.21,1.657918675715031,3.0,4261.7745,,
5.7,147427.0,84.4,1.664340215632043,2.9,,,
5.8,147404.0,75.79,1.3223551823708934,2.8,,,1.92
5.6,147615.0,59.29,0.7564932696557447,2.8,4285.7595,,
5.7,148145.0,47.52,-0.08934831306964819,2.5,,,
5.5,148045.0,50.58,-0.025129801815304553,2.8,,,1.89
5.4,148128.0,47.82,-0.07363739086643228,3.0,4319.395,,
5.4,148511.0,54.45,-0.1995174461766891,2.6,,,
5.6,148817.0,59.27,-0.039932744850779134,2.8,,,1.97
5.3,148816.0,59.85,0.12377120368545214,2.7,4351.41725,,
5.2,148830.0,50.91,0.1695697796432194,2.8,,,
5.1,149181.0,42.87,0.1950792930057288,2.8,,,2.04
5.0,148826.0,45.48,-0.03612974780596856,2.8,4365.8055,,
5.0,149246.0,46.23,0.17057443573555986,2.7,,,
5.1,149463.0,42.65,0.5017975786678841,2.7,,,2.04
5.0,150128.0,37.19,0.7295197860415881,2.6,4367.2255,,
4.9,150621.0,31.67,1.3730868138309926,2.5,,,
4.9,150908.0,30.6,1.0177997801654737,2.5,,,1.98
5.0,151157.0,37.8,0.8525362211427412,2.7,4389.20975,,
5.0,151006.0,40.76,1.125110418894426,2.8,,,
4.8,151119.0,46.76,1.019322554193569,2.4,,,2.06
4.9,151187.0,48.8,0.9973264945230875,2.6,4409.85425,,
4.8,151465.0,44.69,0.8271388704987004,2.7,,,
4.9,151770.0,44.76,1.0628745027610353,2.5,,,2.23
5.0,151850.0,45.22,1.4637836474815646,2.4,4433.7685,,
4.9,151907.0,49.81,1.6359875209176034,2.4,,,
4.7,152063.0,45.73,1.6925371625037933,2.4,,,2.2
4.7,152216.0,52.06,2.074622132966919,2.2,4456.05775,,
4.7,152129.0,52.56,2.5000422090529995,2.6,,,
4.6,152368.0,53.46,2.7379581714893186,2.7,,,2.36
4.4,152978.0,49.48,2.3806124334402767,2.5,4481.314,,
4.4,153224.0,51.08,2.199689878417299,2.5,,,
4.4,153001.0,48.51,1.8748777208413614,2.6,,,2.28
4.3,153299.0,45.19,1.633487955256463,2.6,4505.262,,
4.3,153471.0,46.61,1.727978456372492,2.6,,,
4.4,153593.0,48.05,1.9389742120581754,2.6,,,2.21
4.2,154371.0,49.83,2.2329638650032235,2.7,4540.8895,,
4.1,153779.0,51.6,2.0411287019761692,2.4,,,
4.2,153813.0,56.66,2.202582938683184,2.5,,,2.09
4.1,153977.0,57.9,2.1090824745684245,2.7,4580.616,,
4.1,154486.0,63.66,2.0705076202751638,2.7,,,
4.1,155142.0,62.21,2.2117954212386604,2.7,,,2.21
4.0,155191.0,62.76,2.3597114039729084,2.8,4609.5635,,
4.0,155324.0,66.26,2.462743943334811,2.7,,,
3.8,155665.0,69.99,2.8010117148075553,2.8,,,2.26
4.0,155750.0,67.33,2.87154783531669,3.0,4649.53375,,
3.8,155993.0,70.97,2.9495150866471143,2.9,,,
3.8,155601.0,67.99,2.6991801041874375,3.0,,,2.26
3.7,156032.0,70.2,2.2769721941990007,2.7,4683.18,,
3.8,156482.0,70.76,2.5224699286070296,2.9,,,
3.7,156628.0,57.0,2.176601032152403,2.8,,,2.37
3.9,156825.0,48.95,1.9101588486313714,2.7,4695.887,,
4.0,156627.0,51.45,1.5512351381991252,2.7,,,
3.8,156866.0,54.96,1.520135265933309,2.6,,,
3.8,156741.0,58.14,1.8625227405691724,2.5,4731.82025,4721.978378851437,2.27
3.6,156696.0,63.86,1.9964397755302565,2.5,,,
3.6,156844.0,60.85,1.7902284687663972,2.9,,,2.09
3.7,157148.0,54.65,1.6484846560762545,2.7,4755.465,,
3.7,157346.0,57.44,1.8114648063935146,2.6,,,
3.7,157895.0,54.82,1.7497798894291483,2.7,,,2.04
3.5,158298.0,56.96,1.7113045131695204,2.8,4780.278,,
3.6,158544.0,,1.7640429444213845,2.5,,,
3.5,158536.0,,2.0512779818916194,2.5,,,
3.5,158803.0,,2.2851297401217163,2.3,4805.4925,,
3.6,158714.0,,2.4865719552504606,2.5,,,
3.5,158759.0,,2.3348735639459495,2.4,,,
4.4,155772.0,,1.5393269919198094,2.2,4744.34075,,
14.7,133403.0,,0.3290966863368272,2.1,,,
13.3,137242.0,,0.11792637021070806,3.2,,,
11.1,142182.0,,0.6457330475554857,,,,
,,,,,,,
,,,,,,,
,,,,,,,
,,,,,,,
,,,,,,,
,,,,,,,
,,,,,,,
,,,,,,,
,,,,,,,
,,,,,,,
,,,,,,,
,,,,,,,
,,,,,,,
,,,,,,,
,,,,,,,
,,,,,,,
,,,,,,,
,,,,,,,
,,,,,,,
,,,,,,,
,,,,,,,
,,,,,,,
,,,,,,,
,,,,,,,
,,,,,,,
,,,,,,,
,,,,,,,
,,,,,,,
,,,,,,,
,,,,,,,
,,,,,,,
,,,,,,,
,,,,,,,
,,,,,,,
,,,,,,,
,,,,,,,
